{"cameraMode":{"drawMode":0,"name":"Shaded","section":"Shading Mode"},"sceneLighting":false,"audioPlay":false,"sceneViewState":{"showFog":true,"showMaterialUpdate":false,"showSkybox":false,"showFlares":true,"showImageEffects":true,"showParticleSystems":true},"in2DMode":false,"pivot":{"x":-2.7822141647338869,"y":1.1812005043029786,"z":6.99423885345459},"rotation":{"x":0.330802321434021,"y":0.4308231472969055,"z":-0.17348171770572663,"w":0.8215176463127136},"size":1.143202304840088,"orthographic":false}