{"cameraMode":{"drawMode":0,"name":"Shaded","section":"Shading Mode"},"sceneLighting":false,"audioPlay":false,"sceneViewState":{"showFog":true,"showMaterialUpdate":false,"showSkybox":false,"showFlares":true,"showImageEffects":true,"showParticleSystems":true},"in2DMode":false,"pivot":{"x":-57.286930084228519,"y":-6.449833869934082,"z":173.8766632080078},"rotation":{"x":-0.0187448188662529,"y":0.7115044593811035,"z":0.018995676189661027,"w":0.7021776437759399},"size":6.092235565185547,"orthographic":false}