{"cameraMode":{"drawMode":0,"name":"Shaded","section":"Shading Mode"},"sceneLighting":false,"audioPlay":false,"sceneViewState":{"showFog":true,"showMaterialUpdate":false,"showSkybox":false,"showFlares":true,"showImageEffects":true,"showParticleSystems":true},"in2DMode":false,"pivot":{"x":-62.05308532714844,"y":-8.36383056640625,"z":294.4487609863281},"rotation":{"x":0.2525438666343689,"y":-0.004359602928161621,"z":0.0011355921160429717,"w":0.9675793647766113},"size":3.095942974090576,"orthographic":false}