{"cameraMode":{"drawMode":0,"name":"Shaded","section":"Shading Mode"},"sceneLighting":false,"audioPlay":false,"sceneViewState":{"showFog":true,"showMaterialUpdate":false,"showSkybox":false,"showFlares":true,"showImageEffects":true,"showParticleSystems":true},"in2DMode":false,"pivot":{"x":-56.90625,"y":-8.813251495361329,"z":321.2068786621094},"rotation":{"x":0.2785438001155853,"y":-0.014410004019737244,"z":0.004179644398391247,"w":0.9603076577186585},"size":13.160969734191895,"orthographic":false}