{"cameraMode":{"drawMode":0,"name":"Shaded","section":"Shading Mode"},"sceneLighting":false,"audioPlay":false,"sceneViewState":{"showFog":true,"showMaterialUpdate":false,"showSkybox":false,"showFlares":true,"showImageEffects":true,"showParticleSystems":true},"in2DMode":false,"pivot":{"x":0.009999990463256836,"y":0.5014727115631104,"z":10.289999961853028},"rotation":{"x":0.22644317150115968,"y":-0.5798366665840149,"z":0.17195729911327363,"w":0.7635185122489929},"size":3.9869377613067629,"orthographic":false}